day_of_week,meal_type,event_type,student_yes_count,guest_count,actual_quantity
Monday,Breakfast,Normal,80,5,85
Monday,Lunch,Normal,120,10,135
Monday,Dinner,Normal,110,5,112
Tuesday,Breakfast,Normal,75,0,74
Tuesday,Lunch,Normal,130,15,147
Tuesday,Dinner,Festival,150,20,172
Wednesday,Breakfast,Normal,85,5,92
Wednesday,Lunch,Normal,125,10,138
Wednesday,Dinner,Normal,105,5,108
Thursday,Breakfast,Normal,70,0,72
Thursday,Lunch,Normal,115,5,121
Thursday,Dinner,Normal,120,10,133
Friday,Breakfast,Holiday,50,0,48
Friday,Lunch,Holiday,60,5,62
Friday,Dinner,Holiday,65,5,71
Saturday,Breakfast,Normal,90,10,102
Saturday,Lunch,Normal,140,20,165
Saturday,Dinner,Normal,130,15,148
Sunday,Breakfast,Normal,95,15,115
Sunday,Lunch,Festival,160,30,195
Sunday,Dinner,Normal,140,20,158
Monday,Breakfast,Normal,82,5,89
Monday,Lunch,Normal,118,12,132
Monday,Dinner,Normal,112,8,122
Tuesday,Breakfast,Normal,78,2,80
Tuesday,Lunch,Normal,135,18,155
Tuesday,Dinner,Normal,115,10,128
Wednesday,Breakfast,Normal,88,6,95
Wednesday,Lunch,Festival,155,25,185
Wednesday,Dinner,Normal,102,4,105
